SGB443	Acinetobacter_gyllenbergii	Acinetobacter_gyllenbergii	5	s__Acinetobacter gyllenbergii	s__Acinetobacter_gyllenbergii-t__SGB10363						
SGB167	Acinetobacter_johnsonii	Acinetobacter_johnsonii	25	s__Acinetobacter johnsonii	s__Acinetobacter_johnsonii-t__SGB10398						
SGB457	Actinobaculum_massiliense	Actinobaculum_massiliense	2	s__Actinobaculum massiliense	s__Actinobaculum_massiliense-t__SGB17172						
SGB474	Actinomyces_bovis	Actinomyces_israelii	1	s__Actinomyces bovis	s__Actinomyces_bovis-t__SGB23988						
SGB397	Actinomyces_graevenitzii	Actinomyces_graevenitzii	3	s__Actinomyces graevenitzii	s__Actinomyces_graevenitzii-t__SGB17130						
SGB416	Actinomyces_israelii	Actinomyces_israelii	1	s__Actinomyces israelii	s__Actinomyces_israelii-t__SGB15875						
SGB486	Actinomyces_urogenitalis	Actinomyces_urogenitalis	4	s__Actinomyces urogenitalis	s__Actinomyces_urogenitalis-t__SGB15868						
SGB282	Actinomyces_viscosus	Actinomyces_viscosus	2	GTDB-new	s__Actinomyces_viscosus-t__SGB33751						
SGB532	Actinomyces_viscosus	Actinomyces_viscosus	1	s__Actinomyces viscosus	s__Actinomyces_oris-t__SGB15878						
SGB20	Actinotignum_sanguinis	Actinotignum_sanguinis	1	GTDB-new	s__Actinotignum_sanguinis-t__SGB33732						
SGB299	Actinotignum_schaalii	Actinotignum_schaalii	1	s__Actinotignum schaalii_A	s__Actinotignum_schaalii-t__SGB17175						
SGB462	Actinotignum_schaalii	Actinotignum_schaalii	2	s__Actinotignum schaalii	s__Actinotignum_timonense-t__SGB17174						
SGB592-MERGED-SGB93	Aerococcus_christensenii	Aerococcus_christensenii	4	s__Aerococcus christensenii	s__Aerococcus_christensenii-t__SGB7881						
SGB664	Aerococcus_sanguinicola	Aerococcus_sanguinicola	2	s__Aerococcus sanguinicola	s__Aerococcus_sanguinicola-t__SGB7895						
SGB540	Aerococcus_urinae	Aerococcus_urinae	1	s__Aerococcus urinae_A	s__Aerococcus_urinae-t__SGB7892						
SGB440-MERGED-SGB8	Aerococcus_urinae	Aerococcus_urinae	25	s__Aerococcus urinae_D	s__Aerococcus_urinae-t__SGB7892						
SGB442	Aerococcus_urinae	Aerococcus_urinae	5	s__Aerococcus urinae	s__Aerococcus_urinae-t__SGB7890						
SGB484	Aerococcus_urinaeequi	Aerococcus_urinae	4	s__Aerococcus urinaeequi	s__Aerococcus_urinaeequi-t__SGB7897						
SGB611	Aerococcus_urinaehominis	Aerococcus_urinae	2	s__Aerococcus urinaehominis	s__Aerococcus_urinaehominis-t__SGB7889						
SGB41	Agathobacter_faecis	Roseburia_hominis	1	s__Agathobacter faecis	s__Roseburia_faecis-t__SGB4925						
SGB198	Agathobacter_rectale	Eubacterium_rectale	1	s__Agathobacter rectale	s__Eubacterium_rectale-t__SGB4933						
SGB641	Akkermansia_muciniphila	Akkermansia_muciniphila	2	s__Akkermansia muciniphila_C	s__Akkermansia_muciniphila-t__SGB9227						
SGB51	Akkermansia_muciniphila	Akkermansia_muciniphila	67	s__Akkermansia muciniphila	s__Akkermansia_muciniphila-t__SGB9226						
SGB375	Akkermansia_muciniphila	Akkermansia_muciniphila	3	s__Akkermansia_muciniphila-t__SGB9225							
SGB576	Akkermansia_muciniphila	Akkermansia_muciniphila	1	GTDB-new	new_SGB						
SGB61	Akkermansia_muciniphila	Akkermansia_muciniphila	11	s__Akkermansia muciniphila_B	s__Akkermansia_muciniphila-t__SGB9228						
SGB317	Alistipes_finegoldii	Alistipes_finegoldii	3	s__Alistipes finegoldii	s__Alistipes_finegoldii-t__SGB2301						
SGB314	Alistipes_indistinctus	Alistipes_indistinctus	4	s__Alistipes_A indistinctus	s__Alistipes_indistinctus-t__SGB2325						
SGB248	Alistipes_onderdonkii	Alistipes_finegoldii	2	Alistipes_onderdonkii	4	s__Alistipes onderdonkii	s__Alistipes_onderdonkii-t__SGB2303				
SGB544	Alistipes_putredinis	Alistipes_putredinis	1	s__Alistipes putredinis	s__Alistipes_putredinis-t__SGB2318						
SGB274-MERGED-SGB386	Alistipes_shahii	Alistipes_shahii	4	Barnesiella_intestinihominis	1	s__Alistipes shahii	s__Alistipes_shahii-t__SGB2295				
SGB251	Alloscardovia_omnicolens	Alloscardovia_omnicolens	10	s__Alloscardovia omnicolens	s__Alloscardovia_omnicolens-t__SGB17300						
SGB553	Anaerococcus_hydrogenalis	Anaerococcus_hydrogenalis	3	s__Anaerococcus hydrogenalis	s__Anaerococcus_hydrogenalis-t__SGB6663						
SGB539	Anaerococcus_hydrogenalis	Anaerococcus_hydrogenalis	1	s__Anaerococcus sp001182725	s__Anaerococcus_sp__SB3-t__SGB6665						
SGB334	Anaerococcus_lactolyticus	Anaerococcus_lactolyticus	2	s__Anaerococcus lactolyticus	s__Anaerococcus_lactolyticus-t__SGB6669						
SGB637	Anaerococcus_prevotii	Anaerococcus_prevotii	1	s__Anaerococcus prevotii_A	s__Anaerococcus_prevotii-t__SGB6679						
SGB132	Anaerococcus_prevotii	Anaerococcus_prevotii	2	s__Anaerococcus prevotii	s__Anaerococcus_prevotii-t__SGB6676						
SGB533	Anaerococcus_rubeinfantis	Anaerococcus_rubeinfantis	2	s__Anaerococcus rubeinfantis	s__Anaerococcus_rubeinfantis-t__SGB29496						
SGB110-MERGED-SGB577	Anaerococcus_tetradius	Anaerococcus_tetradius	2	s__Anaerococcus tetradius	s__Anaerococcus_tetradius-t__SGB6674						
SGB383	Anaerococcus_vaginalis	Anaerococcus_vaginalis	1	s__Anaerococcus vaginalis_B	s__Anaerococcus_vaginalis-t__SGB29499						
SGB516	Anaerococcus_vaginalis	Anaerococcus_vaginalis	1	Anaerococcus_obesiensis	1	s__Anaerococcus vaginalis	s__Anaerococcus_vaginalis-t__SGB6661				
SGB329	Anaerotruncus_colihominis	Anaerotruncus_colihominis	6	s__Anaerotruncus colihominis	s__Anaerotruncus_colihominis-t__SGB14963						
SGB124	Arcanobacterium_sp_S3PF19	noRef	s__Arcanobacterium_A sp000758825	s__Arcanobacterium_sp_S3PF19-t__SGB17200							
SGB455	Atopobium_deltae	Atopobium_deltae	1	s__Atopobium deltae	s__Atopobium_deltae-t__SGB988						
SGB727	Bacillus_amyloliquefaciens	Bacillus_subtilis	1	s__Bacillus amyloliquefaciens	s__Bacillus_amyloliquefaciens-t__SGB7783						
SGB421	Bacillus_atrophaeus	Bacillus_subtilis	1	s__Bacillus atrophaeus	s__Bacillus_atrophaeus-t__SGB7786						
SGB234	Bacillus_coagulans	Bacillus_coagulans	29	s__Bacillus_E coagulans	s__Bacillus_coagulans-t__SGB7729						
SGB111	Bacillus_inaquosorum	Bacillus_subtilis	10	s__Bacillus inaquosorum	s__Bacillus_subtilis-t__SGB7790						
SGB374	Bacillus_licheniformis	Bacillus_subtilis	5	s__Bacillus licheniformis_A	s__Bacillus_subtilis-t__SGB7789						
SGB55	Bacillus_marinus	Bacillus_subtilis	12	s__Bacillus marinus	s__Bacillus_subtilis-t__SGB7791						
SGB615	Bacillus_subtilis	Bacillus_subtilis	1	s__Bacillus subtilis_G	s__Bacillus_subtilis-t__SGB30128						
SGB32	Bacillus_subtilis	Bacillus_subtilis	207	s__Bacillus subtilis	s__Bacillus_subtilis-t__SGB7788						
SGB356	Bacillus_velezensis	Bacillus_subtilis	5	s__Bacillus velezensis	s__Bacillus_velezensis-t__SGB7785						
SGB330	bacterium_OL-1	Olsenella	9	s__Olsenella_B sp000752675	s__bacterium_OL-1-t__SGB14389						
SGB502	Bacteroidales_bacterium_KA00251	noRef	s__Porphyromonas sp001552775	s__Bacteroidales_bacterium_KA00251-t__SGB3324							
SGB126	Bacteroides_caccae	Bacteroides_caccae	20	s__Bacteroides caccae	s__Bacteroides_caccae-t__SGB1877						
SGB134	Bacteroides_cellulosilyticus	Bacteroides_cellulosilyticus	17	s__Bacteroides cellulosilyticus	s__Bacteroides_cellulosilyticus-t__SGB1844						
SGB290	Bacteroides_clarus	Bacteroides_clarus	8	Bacteroides_stercoris	1	s__Bacteroides clarus	s__Bacteroides_clarus-t__SGB1832				
SGB453	Bacteroides_coprocola	Bacteroides_coprocola	3	s__Bacteroides_A coprocola	s__Bacteroides_coprocola-t__SGB1891						
SGB22	Bacteroides_dorei	Bacteroides_dorei	51	Bacteroides_vulgatus	82	s__Bacteroides_B dorei	s__Bacteroides_dorei-t__SGB1815				
SGB432	Bacteroides_eggerthii	Bacteroides_stercoris	1	s__Bacteroides eggerthii	s__Bacteroides_eggerthii-t__SGB1829						
SGB485	Bacteroides_faecis	Bacteroides_thetaiotaomicron	1	s__Bacteroides faecis	s__Bacteroides_faecis-t__SGB1860						
SGB2	Bacteroides_finegoldii	Bacteroides_finegoldii	15	s__Bacteroides finegoldii	s__Bacteroides_finegoldii-t__SGB1862						
SGB89	Bacteroides_fragilis	Bacteroides_fragilis	17	s__Bacteroides fragilis_A	s__Bacteroides_fragilis-t__SGB1853						
SGB17	Bacteroides_fragilis	Bacteroides_fragilis	125	s__Bacteroides fragilis	s__Bacteroides_fragilis-t__SGB1855						
SGB476	Bacteroides_massiliensis	Bacteroides_massiliensis	5	s__Bacteroides_B massiliensis	s__Bacteroides_massiliensis-t__SGB1812						
SGB23	Bacteroides_ovatus	Bacteroides_ovatus	38	s__Bacteroides ovatus	s__Bacteroides_ovatus-t__SGB1872						
SGB244	Bacteroides_plebeius	Bacteroides_plebeius	14	s__Bacteroides_A plebeius_A	s__Bacteroides_plebeius-t__SGB1903						
SGB187	Bacteroides_plebeius	Bacteroides_plebeius	7	s__Bacteroides_A plebeius	s__Bacteroides_plebeius-t__SGB1899						
SGB27	Bacteroides_stercoris	Bacteroides_stercoris	50	s__Bacteroides stercoris	s__Bacteroides_stercoris-t__SGB1830						
SGB524	Bacteroides_stercoris	Bacteroides_stercoris	1	s__Bacteroides sp003545565	s__Bacteroides_sp_OM08_17BH-t__SGB1831						
SGB149	Bacteroides_thetaiotaomicron	Bacteroides_thetaiotaomicron	40	s__Bacteroides thetaiotaomicron	s__Bacteroides_thetaiotaomicron-t__SGB1861						
SGB157	Bacteroides_uniformis	Bacteroides_uniformis	58	Catenibacterium_mitsuokai	1	s__Bacteroides uniformis	s__Bacteroides_uniformis-t__SGB1836				
SGB163	Bifidobacterium_adolescentis	Bifidobacterium_adolescentis	45	s__Bifidobacterium adolescentis	s__Bifidobacterium_adolescentis-t__SGB17244						
SGB547-MERGED-SGB66	Bifidobacterium_bifidum	Bifidobacterium_bifidum	60	s__Bifidobacterium bifidum	s__Bifidobacterium_bifidum-t__SGB17256						
SGB71	Bifidobacterium_breve	Bifidobacterium_breve	96	s__Bifidobacterium breve	s__Bifidobacterium_breve-t__SGB17247						
SGB181	Bifidobacterium_dentium	Bifidobacterium_dentium	14	s__Bifidobacterium dentium	s__Bifidobacterium_dentium-t__SGB17234						
SGB87	Bifidobacterium_infantis	Bifidobacterium_longum	301	s__Bifidobacterium infantis	s__Bifidobacterium_longum-t__SGB17249						
SGB657	Bifidobacterium_pseudocatenulatum	noRef	s__Bifidobacterium pseudocatenulatum	s__Bifidobacterium_pseudocatenulatum-t__SGB17237							
SGB470	Bifidobacterium_scardovii	noRef	s__Bifidobacterium scardovii	s__Bifidobacterium_scardovii-t__SGB17257							
SGB439	Brevibacterium_luteolum	noRef	s__Brevibacterium luteolum	s__Brevibacterium_luteolum-t__SGB16642							
SGB501	Brevibacterium_ravenspurgense	noRef	s__Brevibacterium ravenspurgense	s__Brevibacterium_ravenspurgense-t__SGB17204							
SGB678	Brevibacterium_sp_HMSC063G07	noRef	s__Brevibacterium sp001815905	s__Brevibacterium_sp_HMSC063G07-t__SGB23941							
SGB160	Burkholderia_cenocepacia	Burkholderia_cenocepacia	15	s__Burkholderia sp002223185	s__Burkholderia_cenocepacia-t__SGB12998						
SGB31	Burkholderia_cenocepacia	Burkholderia_cenocepacia	278	s__Burkholderia cenocepacia	s__Burkholderia_cenocepacia-t__SGB13000						
SGB580	Burkholderia_latens	Burkholderia_cenocepacia	1	s__Burkholderia latens	s__Burkholderia_latens-t__SGB13015						
SGB278	Burkholderia_pseudomultivorans	Burkholderia_cenocepacia	1	s__Burkholderia pseudomultivorans	s__Burkholderia_pseudomultivorans-t__SGB12995						
SGB407	Burkholderia_seminalis	Burkholderia_cenocepacia	1	s__Burkholderia seminalis	s__Burkholderia_seminalis-t__SGB13001						
SGB511	Butyrivibrio_crossotus	Butyrivibrio_crossotus	3	s__Butyrivibrio_A crossotus	s__Butyrivibrio_crossotus-t__SGB5065						
SGB117	Caecibacter_massiliensis	Megasphaera_sp	1	s__Caecibacter massiliensis	s__Megasphaera_sp_DJF_B143-t__SGB5852						
SGB447	Campylobacter_hominis	Campylobacter_hominis	3	s__Campylobacter_B hominis	s__Campylobacter_hominis-t__SGB19429						
SGB168	Campylobacter_ureolyticus	Campylobacter_ureolyticus	7	s__Campylobacter_B ureolyticus	s__Campylobacter_ureolyticus-t__SGB19431						
SGB342	Catenibacterium_mitsuokai	Catenibacterium_mitsuokai	1	s__Catenibacterium mitsuokai	s__Catenibacterium_mitsuokai-t__SGB6778						
SGB90	Chlamydia_trachomatis	Chlamydia_trachomatis	155	s__Chlamydia trachomatis	s__Chlamydia_trachomatis-t__SGB5498						
SGB583	Citrobacter_amalonaticus	Citrobacter_amalonaticus	1	s__Citrobacter_A amalonaticus_C	s__Citrobacter_amalonaticus-t__SGB10076						
SGB285	Citrobacter_amalonaticus	Citrobacter_freundii	1	Citrobacter_amalonaticus	14	s__Citrobacter_A amalonaticus_D	s__Citrobacter_amalonaticus-t__SGB10074				
SGB408	Citrobacter_amalonaticus	Citrobacter_amalonaticus	4	s__Citrobacter_C amalonaticus	s__Citrobacter_amalonaticus-t__SGB23228						
SGB241	Citrobacter_braakii	Citrobacter_freundii	9	Citrobacter_amalonaticus	1	s__Citrobacter braakii	s__Citrobacter_braakii-t__SGB10086				
SGB252	Citrobacter_europaeus	Citrobacter_freundii	4	s__Citrobacter europaeus	s__Citrobacter_freundii-t__SGB10085						
SGB616	Citrobacter_freundii	Citrobacter_freundii	1	s__Citrobacter freundii_E	s__Citrobacter_freundii-t__SGB23226						
SGB25	Citrobacter_freundii	Citrobacter_freundii	144	Enterobacter_cloacae	1	s__Citrobacter freundii	s__Citrobacter_freundii-t__SGB10083				
SGB125	Citrobacter_koseri	Citrobacter_koseri	30	s__Citrobacter_B koseri	s__Citrobacter_koseri-t__SGB10079						
SGB161	Citrobacter_pasteurii	Citrobacter_freundii	4	s__Citrobacter pasteurii	s__Citrobacter_freundii-t__SGB10082						
SGB488	Citrobacter_werkmanii	Citrobacter_freundii	1	s__Citrobacter werkmanii_A	s__Citrobacter_werkmanii-t__SGB10088						
SGB733	Citrobacter_werkmanii	Citrobacter_freundii	1	s__Citrobacter werkmanii	s__Citrobacter_werkmanii-t__SGB10080						
SGB316	Clostridiales_bacterium_KA00274	noRef	s__KA00274 sp001552885	s__Clostridiales_bacterium_KA00274-t__SGB7884							
SGB114	Clostridium_perfringens	Clostridium_perfringens	123	s__Clostridium_P perfringens	s__Clostridium_perfringens-t__SGB6191						
SGB243	Clostridium_ventriculi	Clostridium_ventriculi	5	s__Clostridium_P ventriculi	s__Clostridium_ventriculi-t__SGB6190						
SGB434	Collinsella_aerofaciens	Collinsella_aerofaciens	5	GTDB-new	s__Collinsella_SGB14400-t__SGB14400						
SGB302	Collinsella_aerofaciens	Collinsella_aerofaciens	10	s__Collinsella aerofaciens	s__Collinsella_aerofaciens-t__SGB14631						
SGB348	Collinsella_aerofaciens	Collinsella_aerofaciens	9	s__Collinsella sp002232035	s__Collinsella_sp_TM09_10AT-t__SGB14507						
SGB294	Coprobacter_fastidiosus	Coprobacter_fastidiosus	3	s__Coprobacter fastidiosus	s__Tannerella_sp_6_1_58FAA_CT1-t__SGB1963						
SGB164	Coprococcus_eutactus	Coprococcus_eutactus	2	s__Coprococcus eutactus	s__Coprococcus_eutactus-t__SGB5118						
SGB395	Coprococcus_eutactus	Coprococcus_eutactus	4	s__Coprococcus eutactus_A	s__Coprococcus_eutactus-t__SGB5117						
SGB283	Coriobacteriales_bacterium_DNF00809	Coriobacteriales_bacterium	1	s__DNF00809 sp001552935	s__Coriobacteriales_bacterium_DNF00809-t__SGB963						
SGB719	Coriobacteriales_bacterium_OH1046	Coriobacteriales_bacterium	1	GTDB-new	s__Coriobacteriales_bacterium_OH1046-t__SGB33592						
SGB713	Corynebacterium_afermentans	Corynebacterium_genitalium	1	s__Corynebacterium afermentans	s__Corynebacterium_afermentans-t__SGB17067						
SGB211	Corynebacterium_amycolatum	Corynebacterium_jeikeium	6	Corynebacterium_amycolatum	6	s__Corynebacterium amycolatum	s__Corynebacterium_amycolatum-t__SGB17036				
SGB249	Corynebacterium_aurimucosum	Corynebacterium_aurimucosum	1	s__Corynebacterium aurimucosum_C	s__Corynebacterium_sp_HMSC055A01-t__SGB17109						
SGB231	Corynebacterium_aurimucosum	Corynebacterium_aurimucosum	2	s__Corynebacterium aurimucosum	s__Corynebacterium_aurimucosum-t__SGB17114						
SGB479	Corynebacterium_aurimucosum	Corynebacterium_aurimucosum	2	s__Corynebacterium aurimucosum_E	s__Corynebacterium_aurimucosum-t__SGB17102						
SGB224-MERGED-SGB546	Corynebacterium_coyleae	noRef	s__Corynebacterium coyleae	s__Corynebacterium_coyleae-t__SGB17061							
SGB597	Corynebacterium_freneyi	Corynebacterium_freneyi	1	s__Corynebacterium freneyi	s__Corynebacterium_freneyi-t__SGB17083						
SGB672	Corynebacterium_genitalium	Corynebacterium_genitalium	1	s__Corynebacterium genitalium	s__Corynebacterium_genitalium-t__SGB17050						
SGB381	Corynebacterium_glucuronolyticum	Corynebacterium_glucuronolyticum	3	s__Corynebacterium glucuronolyticum	s__Corynebacterium_glucuronolyticum-t__SGB17030						
SGB218	Corynebacterium_jeikeium	Corynebacterium_jeikeium	9	s__Corynebacterium jeikeium	s__Corynebacterium_jeikeium-t__SGB17044						
SGB48	Corynebacterium_jeikeium	Corynebacterium_jeikeium	9	s__Corynebacterium jeikeium_A	s__Corynebacterium_jeikeium-t__SGB17043						
SGB347	Corynebacterium_jeikeium	Corynebacterium_jeikeium	3	s__Corynebacterium sp001807485	s__Corynebacterium_jeikeium-t__SGB17045						
SGB171	Corynebacterium_kefirresidentii	Corynebacterium_aurimucosum	1	s__Corynebacterium kefirresidentii	s__Corynebacterium_sp_KPL1860-t__SGB17100						
SGB689	Corynebacterium_kroppenstedtii	Corynebacterium_kroppenstedtii	1	s__Corynebacterium kroppenstedtii	s__Corynebacterium_kroppenstedtii-t__SGB17004						
SGB281	Corynebacterium_kroppenstedtii	Corynebacterium_kroppenstedtii	4	s__Corynebacterium kroppenstedtii_A	s__Corynebacterium_kroppenstedtii-t__SGB17000						
SGB404	Corynebacterium_lipophiloflavum	Corynebacterium_lipophiloflavum	1	s__Corynebacterium lipophiloflavum	s__Corynebacterium_lipophiloflavum-t__SGB17055						
SGB554	Corynebacterium_minutissimum	Corynebacterium_aurimucosum	2	s__Corynebacterium minutissimum_A	s__Corynebacterium_aurimucosum-t__SGB17110						
SGB523	Corynebacterium_phoceense	noRef	s__Corynebacterium phoceense	s__Corynebacterium_sp_DNF00584-t__SGB17119							
SGB522	Corynebacterium_pseudogenitalium	Corynebacterium_pseudogenitalium	1	Corynebacterium_tuberculostearicum	1	s__Corynebacterium pseudogenitalium	s__Corynebacterium_aurimucosum-t__SGB17102				
SGB305	Corynebacterium_pyruviciproducens	Corynebacterium_pyruviciproducens	2	s__Corynebacterium pyruviciproducens	s__Corynebacterium_pyruviciproducens-t__SGB17029						
SGB582	Corynebacterium_riegelii	noRef	s__Corynebacterium riegelii	s__Corynebacterium_riegelii-t__SGB17074							
SGB728	Corynebacterium_sp_HMSC078H07	noRef	s__Corynebacterium sp001812805	s__Corynebacterium_sp_HMSC078H07-t__SGB17116							
SGB307	Corynebacterium_sp_NML98_0116	noRef	s__Corynebacterium sp001767255	s__Corynebacterium_sp_NML98_0116-t__SGB17071							
SGB543	Corynebacterium_striatum	noRef	s__Corynebacterium striatum	s__Corynebacterium_striatum-t__SGB17121							
SGB280	Corynebacterium_tuscaniense	Corynebacterium_tuscaniense	2	s__Corynebacterium tuscaniense	s__Corynebacterium_tuscaniense-t__SGB17076						
SGB606	Criibacterium_bergeronii	Criibacterium_bergeronii	1	s__Criibacterium bergeronii	s__Criibacterium_bergeronii-t__SGB6645						
SGB118	Cutibacterium_acnes	Cutibacterium_acnes	175	s__Cutibacterium acnes	s__Cutibacterium_acnes-t__SGB16955						
SGB175	Cutibacterium_avidum	Cutibacterium_avidum	15	s__Cutibacterium avidum	s__Cutibacterium_avidum-t__SGB16953						
SGB228	Dermabacter_hominis	noRef	s__Dermabacter hominis	s__Dermabacter_hominis-t__SGB17179							
SGB376-MERGED-SGB410	Dialister_micraerophilus	Dialister_micraerophilus	1	s__Dialister micraerophilus	s__Dialister_micraerophilus-t__SGB5840						
SGB121	Dialister_sp	noRef	s__Dialister sp001553355	s__Veillonellaceae_bacterium_DNF00626-t__SGB5831							
SGB176	Dorea_formicigenerans	Dorea_formicigenerans	27	s__Dorea formicigenerans	s__Dorea_formicigenerans-t__SGB4575						
SGB220	Dorea_longicatena	Dorea_longicatena	9	s__Dorea longicatena_B	s__Dorea_longicatena-t__SGB4582						
SGB275	Dorea_longicatena	Dorea_longicatena	7	s__Dorea longicatena	s__Dorea_longicatena-t__SGB4581						
SGB341	Eggerthella_lenta	Eggerthella_lenta	29	s__Eggerthella lenta	s__Eggerthella_lenta-t__SGB14809						
SGB205	Enterobacter_bugandensis	Enterobacter_cloacae	5	s__Enterobacter bugandensis	s__Enterobacter_bugandensis-t__SGB10135						
SGB247	Enterobacter_cloacae	Enterobacter_cloacae	4	s__Enterobacter cloacae_K	s__Enterobacter_cloacae-t__SGB23268						
SGB648	Enterobacter_cloacae	Enterobacter_cloacae	3	s__Enterobacter sp000568095	s__Enterobacter_cloacae-t__SGB10140						
SGB258	Enterobacter_cloacae	Enterobacter_cloacae	8	s__Enterobacter cloacae_I	s__Enterobacter_cloacae-t__SGB23264						
SGB706	Enterobacter_cloacae	Enterobacter_cloacae	1	GTDB-new	s__Enterobacter_cloacae-t__SGB31173						
SGB133	Enterobacter_cloacae	Enterobacter_cloacae	85	s__Enterobacter cloacae	s__Enterobacter_cloacae-t__SGB10131						
SGB351	Enterobacter_cloacae	Enterobacter_cloacae	6	s__Enterobacter cloacae_J	s__Enterobacter_cloacae-t__SGB10129						
SGB670	Enterobacter_cloacae	Enterobacter_cloacae	1	s__Enterobacter cloacae_L	s__Enterobacter_cloacae_complex_sp_GN03164-t__SGB10137						
SGB40	Enterobacter_cloacae	Enterobacter_cloacae	9	s__Enterobacter cloacae_B	s__Enterobacter_cloacae-t__SGB10134						
SGB461	Enterobacter_cloacae	Enterobacter_cloacae	6	s__Enterobacter cloacae_H	s__Enterobacter_cloacae-t__SGB10138						
SGB109	Enterobacter_cloacae	Enterobacter_cloacae	20	s__Enterobacter cloacae_M	s__Enterobacter_asburiae-t__SGB10141						
SGB62	Enterobacter_himalayensis	Enterobacter_cloacae	330	s__Enterobacter himalayensis	s__Enterobacter_hormaechei-t__SGB10130						
SGB722	Enterobacter_kobei	Enterobacter_cloacae	1	s__Enterobacter_D kobei	s__Enterobacter_kobei-t__SGB10102						
SGB262	Enterobacter_kobei	Enterobacter_cloacae	11	s__Enterobacter kobei	s__Enterobacter_kobei-t__SGB10133						
SGB279	Enterobacter_ludwigii	Enterobacter_cloacae	7	s__Enterobacter ludwigii	s__Enterobacter_ludwigii-t__SGB10127						
SGB204	Enterobacter_nimipressuralis	Enterobacter_cloacae	15	s__Enterobacter nimipressuralis	s__Enterobacter_cloacae-t__SGB10139						
SGB335	Enterococcus_casseliflavu	Enterococcus_faecium	1	s__Enterococcus_D sp002850555	s__Enterococcus_casseliflavus-t__SGB7952						
SGB112	Enterococcus_faecalis	Listeria_monocytogenes	1	Enterococcus_faecalis	249	Enterococcus_faecium	1	s__Enterococcus faecalis	s__Enterococcus_faecalis-t__SGB7962		
SGB74	Enterococcus_faecium	Enterococcus_faecium	124	s__Enterococcus_B faecium_B	s__Enterococcus_faecium-t__SGB7968						
SGB10	Enterococcus_faecium	Enterococcus_faecium	1418	s__Enterococcus_B faecium	s__Enterococcus_faecium-t__SGB7967						
SGB426	Enterococcus_thailandicus	Listeria_monocytogenes	1	s__Enterococcus_B thailandicus	s__Enterococcus_thailandicus-t__SGB7965						
SGB570	Ezakiella_coagulans	Tissierellia_bacterium	1	s__Ezakiella coagulans	s__Tissierellia_bacterium_S7_1_4-t__SGB6728						
SGB235	Facklamia_hominis	Facklamia_hominis	4	s__Facklamia hominis	s__Facklamia_hominis-t__SGB7882						
SGB370	Facklamia_ignava	Facklamia_ignava	2	s__Facklamia_A ignava	s__Facklamia_ignava-t__SGB7810						
SGB406	Faecalibacterium_prausnitzii	Faecalibacterium_prausnitzii	3	s__Faecalibacterium prausnitzii_D	s__Faecalibacterium_prausnitzii-t__SGB15342						
SGB534	Faecalibacterium_prausnitzii	Faecalibacterium_prausnitzii	2	s__Faecalibacterium prausnitzii_I	s__Faecalibacterium_prausnitzii-t__SGB15317						
SGB661	Faecalibacterium_prausnitzii	Faecalibacterium_prausnitzii	1	s__Faecalibacterium prausnitzii_F	s__Faecalibacterium_prausnitzii-t__SGB15339						
SGB222	Faecalibacterium_prausnitzii	Faecalibacterium_prausnitzii	10	s__Faecalibacterium prausnitzii_C	s__Faecalibacterium_prausnitzii-t__SGB15318						
SGB639	Faecalibacterium_prausnitzii	Faecalibacterium_prausnitzii	1	s__Faecalibacterium prausnitzii_E	s__Faecalibacterium_prausnitzii-t__SGB15323						
SGB398	Faecalibacterium_prausnitzii	Faecalibacterium_prausnitzii	3	s__Faecalibacterium prausnitzii_H	s__Faecalibacterium_prausnitzii-t__SGB15322						
SGB195	Faecalibacterium_prausnitzii	Faecalibacterium_prausnitzii	16	s__Faecalibacterium prausnitzii_K	s__Faecalibacterium_prausnitzii-t__SGB15332						
SGB261-MERGED-SGB623-MERGED-SGB693-MERGED-SGB84	Fannyhessea_vaginae	noRef	s__Fannyhessea vaginae	new_SGB							
SGB261-MERGED-SGB389-MERGED-SGB555-MERGED-SGB623-MERGED-SGB693-MERGED-SGB84	Fannyhessea_vaginae	noRef	s__Fannyhessea vaginae	new_SGB							
SGB551-MERGED-SGB623-MERGED-SGB693-MERGED-SGB84	Fannyhessea_vaginae	Atopobium_vaginae	5	s__Fannyhessea vaginae	s__Atopobium_vaginae-t__SGB991						
SGB271-MERGED-SGB361	Fannyhessea_vaginae	Atopobium_vaginae	1	s__Fannyhessea vaginae_A	s__Atopobium_vaginae-t__SGB990						
SGB333	Fenollaria_massiliensis	noRef	s__Fenollaria massiliensis	s__Fenollaria_massiliensis-t__SGB6716							
SGB379	Fenollaria_timonensis	Fenollaria_timonensis	1	GTDB-new	s__Fenollaria_timonensis-t__SGB6721						
SGB339	Finegoldia_magna	Finegoldia_magna	3	s__Finegoldia magna_F	s__Finegoldia_magna-t__SGB6684						
SGB327	Finegoldia_magna	Finegoldia_magna	7	s__Finegoldia magna	s__Finegoldia_magna-t__SGB6686						
SGB653-MERGED-SGB75	Finegoldia_magna	Finegoldia_magna	9	s__Finegoldia magna_H	s__Finegoldia_magna-t__SGB6683						
SGB276	Fusobacterium_animalis	Fusobacterium_nucleatum	16	s__Fusobacterium animalis	s__Fusobacterium_nucleatum-t__SGB6007						
SGB366	Fusobacterium_gonidiaformans	Fusobacterium_gonidiaformans	3	s__Fusobacterium_C gonidiaformans	s__Fusobacterium_gonidiaformans-t__SGB5985						
SGB357	Fusobacterium_nucleatum	Fusobacterium_nucleatum	1	s__Fusobacterium nucleatum_E	s__Fusobacterium_nucleatum-t__SGB6018						
SGB277	Fusobacterium_nucleatum	Fusobacterium_nucleatum	9	s__Fusobacterium nucleatum	s__Fusobacterium_nucleatum-t__SGB6011						
SGB202	Fusobacterium_polymorphum	Fusobacterium_nucleatum	20	s__Fusobacterium polymorphum	s__Fusobacterium_nucleatum-t__SGB6001						
SGB201	Fusobacterium_vincentii	Fusobacterium_nucleatum	11	s__Fusobacterium vincentii	s__Fusobacterium_nucleatum-t__SGB6014						
SGB115-MERGED-SGB169-MERGED-SGB170-MERGED-SGB589	Gardnerella_piotii	Peptoniphilus_lacrimalis	1	Gardnerella_piotii	1	Gardnerella_vaginalis	21	s__Bifidobacterium lacrimalis	s__Gardnerella_vaginalis-t__SGB17305		
SGB104-MERGED-SGB193-MERGED-SGB273-MERGED-SGB481	Gardnerella_swidsinskii_leopoldii	Peptoniphilus_lacrimalis	1	Gardnerella_swidsinskii	1	Gardnerella_leopoldii	1	Gardnerella_vaginalis	16	s__Bifidobacterium vaginale_G	s__Gardnerella_vaginalis-t__SGB17307
SGB355	Gardnerella_vaginalis	Gardnerella_vaginalis	1	GTDB-new	s__Gardnerella_vaginalis-t__SGB21500						
SGB298	Gardnerella_vaginalis	Gardnerella_vaginalis	3	s__Bifidobacterium vaginale_D	s__Gardnerella_vaginalis-t__SGB17308						
SGB127-MERGED-SGB78	Gardnerella_vaginalis	Gardnerella_vaginalis	44	s__Bifidobacterium vaginale	s__Gardnerella_vaginalis-t__SGB17302						
SGB82	Gardnerella_vaginalis	Gardnerella_vaginalis	1	s__Bifidobacterium vaginale_F	s__Gardnerella_vaginalis-t__SGB17310						
SGB359	Gardnerella_vaginalis	Gardnerella_vaginalis	1	s__Bifidobacterium vaginale_A	s__Gardnerella_vaginalis-t__SGB17301						
SGB237-MERGED-SGB83	Gardnerella_vaginalis	Gardnerella_vaginalis	6	s__Bifidobacterium vaginale_C	s__Gardnerella_vaginalis-t__SGB17309						
SGB418	Gardnerella_vaginalis	Gardnerella_vaginalis	1	s__Bifidobacterium vaginale_B	s__Gardnerella_vaginalis-t__SGB17306						
SGB627	Gemella_asaccharolytica	Gemella_asaccharolytica	1	s__Gemella_A asaccharolytica	s__Gemella_asaccharolytica-t__SGB7308						
SGB444	Gemella_haemolysans	Gemella_haemolysans	2	s__Gemella haemolysans	s__Gemella_haemolysans-t__SGB7287						
SGB215	Gemella_haemolysans	Gemella_haemolysans	1	s__Gemella haemolysans_A	s__Gemella_haemolysans-t__SGB7292						
SGB417	Gemella_haemolysans	Gemella_haemolysans	1	s__Gemella haemolysans_B	s__Gemella_haemolysans-t__SGB7285						
SGB482	Gemella_sp	noRef	GTDB-new	s__Gemella_SGB7284-t__SGB7284							
SGB528	Gleimia_europaea	UPEC	1	s__Gleimia europaea_A	s__Actinomyces_sp_S4_C9-t__SGB17196						
SGB703	Gleimia_europaea	UPEC	1	s__Gleimia europaea_B	s__Actinomyces_europaeus-t__SGB17197						
SGB579	Gordonibacter_massiliensis	Gordonibacter	1	s__Gordonibacter massiliensis	s__Gordonibacter_massiliensis-t__SGB33566						
SGB340	Gordonibacter_pamelaeae	Gordonibacter	2	s__Gordonibacter pamelaeae	s__Gordonibacter_pamelaeae-t__SGB14807						
SGB638	Gordonibacter_sp__28C	Gordonibacter	1	GTDB-new	s__Gordonibacter_sp__28C-t__SGB33567						
SGB295	Gordonibacter_sp__Marseille-P4307	Gordonibacter	1	GTDB-new	s__Gordonibacter_sp__Marseille-P4307-t__SGB14790						
SGB552	Gordonibacter_sp_An230	Gordonibacter	1	s__Rubneribacter sp002159915	s__Gordonibacter_sp_An230-t__SGB14806						
SGB326	Gordonibacter_urolithinfaciens	Gordonibacter	4	s__Gordonibacter urolithinfaciens	s__Gordonibacter_urolithinfaciens-t__SGB14808						
SGB44	Haemophilus_haemolyticus	Haemophilus_haemolyticus	45	s__Haemophilus haemolyticus	s__Haemophilus_haemolyticus-t__SGB9652						
SGB5	Haemophilus_influenzae	Haemophilus_influenzae	740	s__Haemophilus influenzae	s__Haemophilus_influenzae-t__SGB9648						
SGB643	Haemophilus_influenzae	Haemophilus_influenzae	1	Haemophilus_haemolyticus	1	s__Haemophilus sp002998595	s__Haemophilus_influenzae-t__SGB9649				
SGB420	Haemophilus_parainfluenzae	Haemophilus_parainfluenzae	4	s__Haemophilus_D parainfluenzae_J	s__Haemophilus_parainfluenzae-t__SGB9657						
SGB373	Haemophilus_parainfluenzae	Haemophilus_influenzae	1	Haemophilus_parainfluenzae	18	s__Haemophilus_D parainfluenzae	s__Haemophilus_parainfluenzae-t__SGB9712				
SGB256	Haemophilus_parainfluenzae	Haemophilus_influenzae	3	Haemophilus_parainfluenzae	9	s__Haemophilus_D parainfluenzae_M	s__Haemophilus_parainfluenzae-t__SGB9663				
SGB30	Haemophilus_parainfluenzae	Haemophilus_parainfluenzae	5	s__Haemophilus_D parainfluenzae_K	s__Haemophilus_parainfluenzae-t__SGB9701						
SGB550	Haemophilus_parainfluenzae	Haemophilus_parainfluenzae	4	s__Haemophilus_D parainfluenzae_A	s__Haemophilus_parainfluenzae-t__SGB9674						
SGB635	Janibacter_anophelis	Janibacter	2	s__Janibacter anophelis	s__Janibacter_anophelis-t__SGB34114						
SGB626	Janibacter_corallicola	Janibacter	1	s__Janibacter corallicola	s__Janibacter_corallicola-t__SGB34117						
SGB364	Janibacter_hoylei	Janibacter	2	s__Janibacter hoylei	s__Janibacter_hoylei-t__SGB16018						
SGB599	Janibacter_indicus	Janibacter	2	s__Janibacter indicus	s__Janibacter_indicus-t__SGB16017						
SGB642	Janibacter_limosu	Janibacter	1	GTDB-new	s__Janibacter_limosus-t__SGB34115						
SGB538	Janibacter_limosus	Janibacter	1	s__Janibacter limosus	s__Janibacter_limosus-t__SGB34116						
SGB11	Janibacter_melonis	Janibacter	2	s__Janibacter melonis	s__Janibacter_melonis-t__SGB16015						
SGB159	Janibacter_sp__Marseille-P4121	Janibacter	1	s__OKQN01 sp900289115	s__Janibacter_sp__Marseille-P4121-t__SGB16020						
SGB662	Janibacter_sp_HTCC2649	Janibacter	1	s__Knoellia sp000152705	s__Janibacter_sp_HTCC2649-t__SGB16032						
SGB494	Janibacter_sp_Soil728	Janibacter	1	s__Janibacter sp001428305	s__Janibacter_sp_Soil728-t__SGB16019						
SGB402	Jonquetella_anthropi	Jonquetella_anthropi	2	s__Jonquetella anthropi	s__Jonquetella_anthropi-t__SGB15495						
SGB603	Khoudiadiopia_timonensis	Khoudiadiopia_massiliensis	1	s__Khoudiadiopia timonensis	s__Massilimicrobiota_timonensis-t__SGB29482						
SGB530	Klebsiella_aerogenes	Enterobacter_cloacae	2	s__Klebsiella_B aerogenes	s__Klebsiella_aerogenes-t__SGB10116						
SGB43	Klebsiella_pneumoniae	Klebsiella_pneumoniae	197	Enterobacter_cloacae	2	s__Klebsiella pneumoniae	s__Klebsiella_pneumoniae-t__SGB10115				
SGB521	Klebsiella_quasipneumoniae	Klebsiella_pneumoniae	1	s__Klebsiella quasipneumoniae	s__Klebsiella_quasipneumoniae-t__SGB10112						
SGB677	Klebsiella_variicola	Klebsiella_pneumoniae	2	s__Klebsiella variicola	s__Klebsiella_variicola-t__SGB10114						
SGB667	Kosakonia_cowanii	Enterobacter_cloacae	1	s__Kosakonia cowanii	s__Kosakonia_cowanii-t__SGB10050						
SGB647	kwon_new	noRef	GTDB-new	new_SGB							
SGB541	kwon_new	noRef	GTDB-new	new_SGB							
SGB336	kwon_new	noRef	GTDB-new	new_SGB							
SGB681	kwon_new	noRef	GTDB-new	new_SGB							
SGB619	kwon_new	noRef	GTDB-new	new_SGB							
SGB622	kwon_new	noRef	GTDB-new	new_SGB							
SGB372	kwon_new	noRef	GTDB-new	new_SGB							
SGB473	kwon_new	noRef	GTDB-new	new_SGB							
SGB21	kwon_new	noRef	GTDB-new	new_SGB							
SGB438	kwon_new	noRef	GTDB-new	new_SGB							
SGB683-MERGED-SGB710	kwon_new	noRef	GTDB-new	new_SGB							
SGB354-MERGED-SGB731	kwon_new	noRef	GTDB-new	new_SGB							
SGB147	kwon_new	noRef	GTDB-new	new_SGB							
SGB265	kwon_new	noRef	GTDB-new	new_SGB							
SGB263	kwon_new	noRef	GTDB-new	new_SGB							
SGB668	kwon_new	noRef	GTDB-new	new_SGB							
SGB586	kwon_new	noRef	GTDB-new	new_SGB							
SGB362	kwon_new	noRef	noGTDB	new_SGB							
SGB360	kwon_new	noRef	GTDB-new	new_SGB							
SGB562	kwon_new	noRef	GTDB-new	new_SGB							
SGB401	kwon_new	noRef	GTDB-new	new_SGB							
SGB312	kwon_new	noRef	GTDB-new	new_SGB							
SGB225	kwon_new	noRef	GTDB-new	new_SGB							
SGB146	kwon_new	noRef	GTDB-new	new_SGB							
SGB145	kwon_new	noRef	GTDB-new	new_SGB							
SGB73	kwon_new	noRef	GTDB-new	new_SGB							
SGB671	kwon_new	noRef	GTDB-new	new_SGB							
SGB130	kwon_new	noRef	GTDB-new	new_SGB							
SGB487	kwon_new	noRef	noGTDB	new_SGB							
SGB300	kwon_new	noRef	GTDB-new	new_SGB							
SGB480	kwon_new	noRef	GTDB-new	new_SGB							
SGB526	kwon_new	noRef	GTDB-new	new_SGB							
SGB233	kwon_new	noRef	GTDB-new	new_SGB							
SGB232	kwon_new	noRef	GTDB-new	new_SGB							
SGB698	kwon_new	noRef	GTDB-new	new_SGB							
SGB636	kwon_new	noRef	GTDB-new	new_SGB							
SGB737	kwon_new	noRef	GTDB-new	new_SGB							
SGB624	kwon_new	noRef	GTDB-new	new_SGB							
SGB345	kwon_new	noRef	GTDB-new	new_SGB							
SGB500	kwon_new	noRef	GTDB-new	new_SGB							
SGB508	kwon_new	noRef	GTDB-new	new_SGB							
SGB617	kwon_new	noRef	GTDB-new	new_SGB							
SGB602	Lachnoanaerobaculum_saburreum	Lachnoanaerobaculum_saburreum	1	s__Lachnoanaerobaculum saburreum_A	s__Lachnospiraceae_bacterium_oral_taxon_082-t__SGB4483						
SGB467	Lachnoanaerobaculum_saburreum	Lachnoanaerobaculum_saburreum	2	s__Lachnoanaerobaculum saburreum	s__Lachnoanaerobaculum_saburreum-t__SGB4481						
SGB194-MERGED-SGB472	Lachnocurva_vaginae	Lachnovaginosum_genomospecies	2	GTDB-new	s__GGB4807_SGB6646-t__SGB6646						
SGB65	Lactobacillus_acidophilus	Lactobacillus_acidophilus	35	s__Lactobacillus acidophilus	s__Lactobacillus_acidophilus-t__SGB7044						
SGB28	Lactobacillus_brevis	Lactobacillus_brevis	51	s__Lactobacillus_G brevis	s__Lactobacillus_brevis-t__SGB7196						
SGB493	Lactobacillus_coleohominis	Lactobacillus_coleohominis	1	s__Lactobacillus_H coleohominis	s__Lactobacillus_coleohominis-t__SGB7100						
SGB213-MERGED-SGB29-MERGED-SGB85	Lactobacillus_crispatus	Lactobacillus_crispatus	59	Lactobacillus_acidophilus	1	s__Lactobacillus crispatus	s__Lactobacillus_crispatus-t__SGB7045				
SGB53	Lactobacillus_delbrueckii	Lactobacillus_delbrueckii	56	s__Lactobacillus delbrueckii	s__Lactobacillus_delbrueckii-t__SGB7020						
SGB595	Lactobacillus_fermentum	Lactobacillus_oris	1	s__Lactobacillus_H fermentum	s__Lactobacillus_fermentum-t__SGB7106						
SGB19-MERGED-SGB450-MERGED-SGB685	Lactobacillus_gasseri	Lactobacillus_gasseri	19	s__Lactobacillus gasseri	s__Lactobacillus_gasseri-t__SGB7039						
SGB91	Lactobacillus_gasseri	Lactobacillus_gasseri	9	Lactobacillus_acidophilus	1	s__Lactobacillus gasseri_A	s__Lactobacillus_gasseri-t__SGB7038				
SGB150	Lactobacillus_helveticus	Lactobacillus_helveticus	56	s__Lactobacillus helveticus	s__Lactobacillus_helveticus-t__SGB7048						
SGB585	Lactobacillus_hilgardii	Lactobacillus_hilgardii	5	Lactobacillus_brevis	1	s__Lactobacillus_G hilgardii	s__Lactobacillus_hilgardii-t__SGB7216				
SGB129-MERGED-SGB301-MERGED-SGB54-MERGED-SGB604	Lactobacillus_iners	Lactobacillus_iners	21	s__Lactobacillus iners	s__Lactobacillus_iners-t__SGB7025						
SGB156	Lactobacillus_jensenii	Lactobacillus_jensenii	8	s__Lactobacillus jensenii_A	s__Lactobacillus_jensenii-t__SGB7034						
SGB14	Lactobacillus_jensenii	Lactobacillus_jensenii	10	s__Lactobacillus jensenii	s__Lactobacillus_jensenii-t__SGB7035						
SGB219	Lactobacillus_johnsonii	Lactobacillus_johnsonii	29	s__Lactobacillus johnsonii	s__Lactobacillus_johnsonii-t__SGB7041						
SGB353	Lactobacillus_oris	Lactobacillus_oris	3	s__Lactobacillus_H oris	s__Lactobacillus_oris-t__SGB7093						
SGB143	Lactobacillus_pentosus	Lactobacillus_pentosus	21	s__Lactobacillus_F pentosus	s__Lactobacillus_pentosus-t__SGB7200						
SGB688	Lactobacillus_pentosus	Lactobacillus_pentosus	1	s__Lactobacillus_F plantarum_A	s__Lactobacillus_pentosus-t__SGB7199						
SGB607	Lactobacillus_raoultii	Lactobacillus_raoultii	1	s__Lactobacillus_G raoultii	s__Lactobacillus_raoultii-t__SGB29609						
SGB56	Lactobacillus_reuteri	Lactobacillus_reuteri	125	s__Lactobacillus_H reuteri	s__Lactobacillus_reuteri-t__SGB7095						
SGB79	Lactobacillus_rhamnosus	Lactobacillus_rhamnosus	133	s__Lactobacillus_C rhamnosus	s__Lactobacillus_rhamnosus-t__SGB7144						
SGB9	Lactobacillus_sakei	Lactobacillus_sakei	45	s__Lactobacillus_D sakei	s__Lactobacillus_sakei-t__SGB7248						
SGB489	Lactobacillus_sakei	Lactobacillus_sakei	1	s__Lactobacillus_D sakei_A	s__Lactobacillus_sakei-t__SGB25032						
SGB128	Lactobacillus_salivarius	Lactobacillus_salivarius	81	s__Lactobacillus_B salivarius	s__Lactobacillus_salivarius-t__SGB7082						
SGB242	Lactobacillus_vaginalis	Gardnerella_vaginalis	1	s__Lactobacillus_H vaginalis_A	s__Gardnerella_vaginalis-t__SGB7097						
SGB142	Lactobacillus_vaginalis	Lactobacillus_vaginalis	3	s__Lactobacillus_H vaginalis	s__Lactobacillus_vaginalis-t__SGB7098						
SGB723	Lactococcus_lactis	Lactococcus_lactis	1	s__Lactococcus lactis_A	s__Lactococcus_lactis-t__SGB25314						
SGB97	Lactococcus_lactis	Lactococcus_lactis	121	s__Lactococcus lactis	s__Lactococcus_lactis-t__SGB7985						
SGB12	Lactococcus_lactis	Lactococcus_lactis	46	s__Lactococcus lactis_E	s__Lactococcus_lactis-t__SGB7984						
SGB458	Lancefieldella_parvula	Atopobium_parvulum	1	s__Lancefieldella parvula	s__Atopobium_parvulum-t__SGB964						
SGB346	Lancefieldella_rimae	noRef	s__Lancefieldella rimae	s__Atopobium_rimae-t__SGB985							
SGB598	Lancefieldella_sp	Atopobium_parvulum	1	s__Lancefieldella sp000564995	s__Atopobium_sp_ICM42b-t__SGB972						
SGB292	Lautropia_mirabilis	Lautropia_mirabilis	2	s__Lautropia mirabilis	s__Lautropia_mirabilis-t__SGB13165						
SGB388	Lawsonella_clevelandensis	Lawsonella_clevelandensis	3	s__Lawsonella clevelandensis	s__Lawsonella_clevelandensis-t__SGB3664						
SGB569	Leclercia_sp	Enterobacter_cloacae	1	s__Leclercia sp000755535	s__Enterobacteriaceae_bacterium_ATCC_29904-t__SGB10152						
SGB518	Leptotrichia_wadei	Leptotrichia_wadei	3	s__Leptotrichia wadei	s__Leptotrichia_wadei-t__SGB6054						
SGB403	Levyella_massiliensis	Levyella_massiliensis	1	s__Levyella massiliensis	s__Levyella_massiliensis-t__SGB5300						
SGB308	Listeria_innocua	Listeria_monocytogenes	4	Listeria_innocua	11	s__Listeria innocua	s__Listeria_innocua-t__SGB7533				
SGB3	Listeria_monocytogenes	Listeria_monocytogenes	2878	s__Listeria monocytogenes_C	s__Listeria_monocytogenes-t__SGB7534						
SGB392	Mageeibacillus_indolicus	Mageeibacillus_indolicus	3	s__Mageeibacillus indolicus	s__Mageeibacillus_indolicus-t__SGB4002						
SGB504	Malacoplasma_girerdii	CandidatusMycoplasma_girerdii	1	s__Malacoplasma_A girerdii	s__Candidatus_Mycoplasma_girerdii-t__SGB5559						
SGB80	Megasphaera_genomosp_type_1	Megasphaera_sp	1	s__28L sp000177555	s__Megasphaera_genomosp_type_1-t__SGB5867						
SGB674	Megasphaera_massiliensis	Megasphaera_sp	1	s__Megasphaera massiliensis	s__Megasphaera_massiliensis-t__SGB5857						
SGB659	Megasphaera_sp_AM44_1BH	Megasphaera_sp	1	GTDB-new	s__Megasphaera_sp_AM44_1BH-t__SGB5853						
SGB293	Megasphaera_sp_BV3C16_1	Megasphaera_sp	2	s__Anaeroglobus sp900240295	s__Megasphaera_sp_BV3C16_1-t__SGB5848						
SGB405	Megasphaera_sp_MJR8396C	Megasphaera_sp	1	s__Megasphaera sp001546855	s__Megasphaera_sp_MJR8396C-t__SGB5855						
SGB531	Megasphaera_sp_NM10	Megasphaera_sp	2	s__Megasphaera sp000417505	s__Megasphaera_sp_NM10-t__SGB5858						
SGB200	Megasphaera_sp_UPII_135_E	Megasphaera_sp	1	s__28L sp002892445	s__Megasphaera_sp_UPII_135_E-t__SGB5866						
SGB559	Megasphaera_stantonii	Megasphaera_sp	2	s__Megasphaera sp900066485	s__Megasphaera_stantonii-t__SGB5854						
SGB122	Mobiluncus_curtisii	Mobiluncus_curtisii	7	s__Mobiluncus curtisii	s__Mobiluncus_curtisii-t__SGB15487						
SGB123	Mobiluncus_mulieris	Mobiluncus_mulieris	8	s__Mobiluncus mulieris	s__Mobiluncus_mulieris-t__SGB15486						
SGB510	Mycoplasma_genitalium	Mycoplasma_genitalium	6	s__Mycoplasmoides genitalium	s__Mycoplasma_genitalium-t__SGB5563						
SGB155	Mycoplasma_hominis	Mycoplasma_hominis	23	s__Metamycoplasma hominis	s__Mycoplasma_hominis-t__SGB5926						
SGB558	Mycoplasma_orale	Mycoplasma_orale	2	s__Metamycoplasma orale	s__Mycoplasma_orale-t__SGB5933						
SGB568	Mycoplasma_penetrans	Mycoplasma_penetrans	2	s__Malacoplasma penetrans	s__Mycoplasma_penetrans-t__SGB5565						
SGB6	Neisseria_meningitidis	Neisseria_gonorrhoeae	548	Neisseria_meningitidis	1937	s__Neisseria meningitidis_B	s__Neisseria_meningitidis-t__SGB9461				
SGB306	Neisseria_meningitidis	Neisseria_flavescens	3	s__Neisseria meningitidis_A	s__Neisseria_meningitidis-t__SGB23368						
SGB690	Neisseria_sicca	Neisseria_meningitidis	1	s__Neisseria sp000227275	s__Neisseria_sicca-t__SGB9467						
SGB246	Neisseria_subflava	Neisseria_flavescens	6	Neisseria_meningitidis	7	s__Neisseria subflava_B	s__Neisseria_subflava-t__SGB9450				
SGB264	Olegusella_massiliensis	noRef	s__Olegusella massiliensis	s__Coriobacteriaceae_bacterium_BV3Ac1-t__SGB960							
SGB227	Oligella_urethralis	Oligella_urethralis	11	s__Oligella urethralis	s__Oligella_urethralis-t__SGB9505						
SGB545	Olsenella_mediterranea	Olsenella	1	s__Olsenella_E mediterranea	s__Olsenella_mediterranea-t__SGB33590						
SGB291	Olsenella_phocaeensis	Olsenella	3	s__Olsenella phocaeensis	s__Olsenella_sp_oral_taxon_809-t__SGB14384						
SGB692	Olsenella_profusa	Olsenella	1	s__Olsenella profusa	s__Olsenella_profusa-t__SGB14387						
SGB509	Olsenella_provencensis	Olsenella	1	s__Olsenella_E provencensis	s__Olsenella_provencensis-t__SGB14367						
SGB499	Olsenella_scatoligenes	Olsenella	2	s__Olsenella_B sp900119625	s__Olsenella_scatoligenes-t__SGB14388						
SGB513	Olsenella_sp__KCTC_15699	Olsenella	3	GTDB-new	s__Olsenella_sp__KCTC_15699-t__SGB14370						
SGB574	Olsenella_sp__Marseille-P2300	Olsenella	1	s__Olsenella_E sp900119915	s__Olsenella_sp__Marseille-P2300-t__SGB14360						
SGB714	Olsenella_sp__Marseille-P4559	Olsenella	1	GTDB-new	s__Olsenella_sp__Marseille-P4559-t__SGB33585						
SGB560	Olsenella_sp__oral_taxon_807	Olsenella	1	s__Olsenella sp001189515	s__Olsenella_sp__oral_taxon_807-t__SGB14348						
SGB287	Olsenella_sp__SIT9	Olsenella	2	s__Olsenella sp001457795	s__Olsenella_sp__SIT9-t__SGB14385						
SGB475	Olsenella_sp_An188	Olsenella	1	s__Olsenella_E sp002160255	s__Olsenella_sp_An188-t__SGB14364						
SGB352	Olsenella_sp_An270	Olsenella	1	s__Olsenella_E sp002159735	s__Olsenella_sp_An270-t__SGB14361						
SGB645	Olsenella_sp_An285	Olsenella	1	s__Olsenella_E sp002159625	s__Olsenella_sp_An285-t__SGB14366						
SGB322	Olsenella_sp_An290	Olsenella	1	s__Olsenella_E sp002159535	s__Olsenella_sp_An290-t__SGB14369						
SGB720	Olsenella_sp_An293	Olsenella	1	s__Olsenella_E sp002159495	s__Olsenella_sp_An293-t__SGB14365						
SGB578	Olsenella_sp_KH3B4	Olsenella	1	s__Olsenella_B sp900111695	s__Olsenella_sp_KH3B4-t__SGB14391						
SGB496	Olsenella_uli	Olsenella	3	s__Olsenella uli	s__Olsenella_uli-t__SGB14386						
SGB537	Olsenella_umbonata	Olsenella	3	s__Olsenella_C umbonata_A	s__Olsenella_umbonata-t__SGB14392						
SGB468	Olsenella_umbonata	Olsenella	2	s__Olsenella_C umbonata	s__Olsenella_umbonata-t__SGB14393						
SGB189	Olsenella_urininfantis	Olsenella_urininfantis	1	s__Olsenella urininfantis	s__Olsenella_urininfantis-t__SGB33581						
SGB101	Parabacteroides_distasonis	Parabacteroides_distasonis	48	s__Parabacteroides distasonis	s__Parabacteroides_distasonis-t__SGB1934						
SGB564	Parabacteroides_distasonis	Parabacteroides_distasonis	2	GTDB-new	s__Parabacteroides_distasonis-t__SGB27780						
SGB245	Parabacteroides_johnsonii	Parabacteroides_johnsonii	5	s__Parabacteroides johnsonii	s__Parabacteroides_johnsonii-t__SGB1948						
SGB1	Parabacteroides_merdae	Parabacteroides_merdae	23	s__Parabacteroides merdae	s__Parabacteroides_merdae-t__SGB1949						
SGB409	Paraprevotella_clara	Paraprevotella_clara	3	s__Paraprevotella clara	s__Paraprevotella_clara-t__SGB1798						
SGB288	Parvimonas_micra	Parvimonas	6	Parvimonas_micra	6	s__Parvimonas micra	s__Parvimonas_micra-t__SGB6653				
SGB732	Parvimonas_sp_KA00067	Parvimonas	1	s__Parvimonas sp001553085	s__Parvimonas_sp_KA00067-t__SGB6648						
SGB158	Parvimonas_sp_oral_taxon_110	Parvimonas	1	s__Parvimonas sp000214475	s__Parvimonas_sp_oral_taxon_110-t__SGB6654						
SGB378	Parvimonas_sp_oral_taxon_393	Parvimonas	1	s__Parvimonas sp000223315	s__Parvimonas_sp_oral_taxon_393-t__SGB6652						
SGB640	passilo_new	noRef	GTDB-new	s__GGB4818_SGB6672-t__SGB6672							
SGB495	passilo_new	noRef	GTDB-new	s__Anaerococcus_SGB6671-t__SGB6671							
SGB331	passilo_new	noRef	GTDB-new	s__GGB1460_SGB2023-t__SGB2023							
SGB119	passilo_new	noRef	GTDB-new	s__Prevotella_SGB1519-t__SGB1519							
SGB377	passilo_new	noRef	GTDB-new	s__GGB12279_SGB19099-t__SGB19099							
SGB618	passilo_new	noRef	GTDB-new	s__GGB1612_SGB2209-t__SGB2209							
SGB712	passilo_new	noRef	GTDB-new	s__GGB1456_SGB2019-t__SGB2019							
SGB717	passilo_new	noRef	GTDB-new	s__GGB2995_SGB3981-t__SGB3981							
SGB60	passilo_new	noRef	GTDB-new	s__GGB1613_SGB2210-t__SGB2210							
SGB81	passilo_new	noRef	GTDB-new	s__GGB3012_SGB4003-t__SGB4003							
SGB571	passilo_new	noRef	GTDB-new	s__Anaerosphaera_SGB6725-t__SGB6725							
SGB100	passilo_new	noRef	GTDB-new	s__Porphyromonas_SGB1980-t__SGB1980							
SGB266	passilo_new	noRef	GTDB-new	s__GGB7136_SGB10472-t__SGB10472							
SGB313	passilo_new	noRef	GTDB-new	s__GGB10524_SGB17049-t__SGB17049							
SGB152-MERGED-SGB210	passilo_new	noRef	GTDB-new	s__GGB4277_SGB5832-t__SGB5832							
SGB70	passilo_new	noRef	GTDB-new	s__Prevotella_sp__Marseille-P4334-t__SGB1503							
SGB399	passilo_new	noRef	GTDB-new	s__Porphyromonas_SGB1989-t__SGB1989							
SGB270	passilo_new	noRef	GTDB-new	s__GGB753_SGB989-t__SGB989							
SGB303	passilo_new	noRef	GTDB-new	s__Corynebacterium_SGB17077-t__SGB17077							
SGB525	passilo_new	noRef	s__S5-A14a sp000758905	s__Clostridiales_bacterium_S5_A14a-t__SGB3977							
SGB527	passilo_new	noRef	GTDB-new	s__GGB1215_SGB1581-t__SGB1581							
SGB600	passilo_new	noRef	GTDB-new	s__GGB1455_SGB2018-t__SGB2018							
SGB699	passilo_new	noRef	GTDB-new	s__GGB9842_SGB15496-t__SGB15496							
SGB435	Pauljensenia_hongkongensis	Actinomyces_hongkongensis	1	s__Pauljensenia hongkongensis	s__Actinomyces_sp_oral_taxon_178-t__SGB17148						
SGB536	Pauljensenia_radingae	Actinomyces_ihuae	1	s__Pauljensenia radingae	s__Actinomyces_ihuae-t__SGB17194						
SGB64	Pauljensenia_turicensis	noRef	s__Pauljensenia turicensis	s__Actinomyces_turicensis-t__SGB17195							
SGB45	Pediococcus_acidilactici	Pediococcus_acidilactici	39	s__Pediococcus acidilactici	s__Pediococcus_acidilactici-t__SGB7168						
SGB350	Peptococcus_niger	Peptococcus_niger	1	s__Peptococcus niger	s__Peptococcus_niger-t__SGB4050						
SGB120	Peptoniphilus_coxii	Peptoniphilus_coxii	1	s__Peptoniphilus_C coxii	s__Peptoniphilus_coxii-t__SGB6734						
SGB466	Peptoniphilus_duerdenii	Peptoniphilus_duerdenii	1	s__Peptoniphilus_B duerdenii	s__Peptoniphilus_duerdenii-t__SGB6715						
SGB507	Peptoniphilus_harei	Peptoniphilus_harei	2	s__Peptoniphilus_A harei	s__Peptoniphilus_harei-t__SGB6693						
SGB250	Peptoniphilus_harei	Peptoniphilus_harei	2	s__Peptoniphilus_A harei_A	s__Peptoniphilus_harei-t__SGB6697						
SGB365	Peptoniphilus_lacrimalis	Peptoniphilus_lacrimalis	3	s__Peptoniphilus_A lacrimalis	s__Peptoniphilus_lacrimalis-t__SGB6705						
SGB254-MERGED-SGB255	Peptoniphilus_sp_DNF00840	noRef	s__Peptoniphilus_A sp900176605	s__Peptoniphilus_sp_DNF00840-t__SGB6696							
SGB465-MERGED-SGB701	Peptoniphilus_urinimassiliensis	Peptoniphilus_urinimassiliensis	1	s__Peptoniphilus_C urinimassiliensis	s__Peptoniphilus_urinimassiliensis-t__SGB6736						
SGB63	Peptostreptococcus_anaerobius	Peptostreptococcus_anaerobius	7	s__Peptostreptococcus anaerobius	s__Peptostreptococcus_anaerobius-t__SGB746						
SGB448	Peptostreptococcus_sp_MV1	noRef	s__Peptostreptococcus sp000758885	s__Peptostreptococcus_sp_MV1-t__SGB747							
SGB412	Phascolarctobacterium_faecium	Phascolarctobacterium_succinatutens	1	s__Phascolarctobacterium faecium	s__Phascolarctobacterium_faecium-t__SGB5792						
SGB153	Phascolarctobacterium_succinatutens	Phascolarctobacterium_succinatutens	3	s__Phascolarctobacterium_A succinatutens_A	s__Phascolarctobacterium_succinatutens-t__SGB5769						
SGB514	Phascolarctobacterium_succinatutens	Phascolarctobacterium_succinatutens	2	s__Phascolarctobacterium_A succinatutens	s__Phascolarctobacterium_succinatutens-t__SGB5767						
SGB456	Porphyromonas_asaccharolytica	Porphyromonas_asaccharolytica	2	s__Porphyromonas asaccharolytica	s__Porphyromonas_asaccharolytica-t__SGB1981						
SGB459	Porphyromonas_bennonis	Porphyromonas_bennonis	2	s__Porphyromonas bennonis	s__Porphyromonas_bennonis-t__SGB1985						
SGB108	Porphyromonas_somerae	Porphyromonas_somerae	1	s__Porphyromonas somerae_A	s__Porphyromonas_sp_oral_taxon_279-t__SGB2043						
SGB99	Porphyromonas_somerae	Porphyromonas_somerae	1	s__Porphyromonas somerae	s__Porphyromonas_somerae-t__SGB1991						
SGB68	Porphyromonas_sp_HMSC065F10	noRef	s__Porphyromonas sp001808555	s__Porphyromonas_sp_HMSC065F10-t__SGB1990							
SGB272	Porphyromonas_uenonis	Porphyromonas_uenonis	1	s__Porphyromonas uenonis_A	s__Porphyromonas_uenonis-t__SGB1973						
SGB191	Porphyromonas_uenonis	Porphyromonas_uenonis	2	s__Porphyromonas uenonis	s__Porphyromonas_uenonis-t__SGB1974						
SGB240	Prevotella_amnii	Prevotella_amnii	5	s__Prevotella amnii	s__Prevotella_amnii-t__SGB1558						
SGB50	Prevotella_bergensis	Prevotella_bergensis	1	s__Prevotella bergensis	s__Prevotella_bergensis-t__SGB1505						
SGB58	Prevotella_bivia	Prevotella_bivia	8	s__Prevotella bivia	s__Prevotella_bivia-t__SGB1557						
SGB503	Prevotella_buccalis	Prevotella_buccalis	2	s__Prevotella buccalis	s__Prevotella_buccalis-t__SGB1517						
SGB207-MERGED-SGB548	Prevotella_buccalis	Prevotella_buccalis	2	s__Prevotella sp000479005	s__Prevotella_buccalis-t__SGB1514						
SGB136	Prevotella_colorans	noRef	s__Prevotella colorans	s__Prevotella_colorans-t__SGB1502							
SGB384	Prevotella_copri	Prevotella_copri	1	s__Prevotella copri_A	s__Prevotella_copri-t__SGB1644						
SGB332	Prevotella_copri	Prevotella_copri	22	s__Prevotella copri	s__Prevotella_copri-t__SGB1626						
SGB7	Prevotella_corporis	Prevotella_corporis	3	s__Prevotella corporis	s__Prevotella_corporis-t__SGB1504						
SGB139	Prevotella_disiens	Prevotella_disiens	6	s__Prevotella disiens	s__Prevotella_disiens-t__SGB1559						
SGB431	Prevotella_histicola	Prevotella_histicola	3	s__Prevotella histicola	s__Prevotella_histicola-t__SGB1543						
SGB430	Prevotella_ihumii	Prevotella_ihumii	1	s__Prevotella ihumii	s__Prevotella_ihumii-t__SGB27871						
SGB95	Prevotella_intermedia	Prevotella_intermedia	33	s__Prevotella intermedia	s__Prevotella_intermedia-t__SGB1560						
SGB216	Prevotella_melaninogenica	Prevotella_melaninogenica	5	s__Prevotella melaninogenica	s__Prevotella_melaninogenica-t__SGB1554						
SGB634	Prevotella_melaninogenica	Prevotella_melaninogenica	1	GTDB-new	s__Prevotella_melaninogenica-t__SGB1548						
SGB393	Prevotella_nanceiensis	Prevotella_nanceiensis	2	s__Prevotella nanceiensis	s__Prevotella_nanceiensis-t__SGB1536						
SGB382	Prevotella_sp_CAG_386	noRef	s__Prevotella sp900313215	s__Prevotella_sp_CAG_386-t__SGB1613							
SGB196	Prevotella_sp_S7_1_8	noRef	s__Prevotella sp000758925	s__Prevotella_sp_S7_1_8-t__SGB1501							
SGB49	Prevotella_sp_S7_MS_2	noRef	s__Prevotella sp001553265	s__Prevotella_sp_S7_MS_2-t__SGB3322							
SGB310	Prevotella_stercorea	Prevotella_stercorea	4	s__Prevotella stercorea	s__Prevotella_stercorea-t__SGB1679						
SGB505-MERGED-SGB625-MERGED-SGB98	Prevotella_timonensis	Prevotella_timonensis	7	s__Prevotella timonensis	s__Prevotella_timonensis-t__SGB1507						
SGB323	Prevotella_timonensis	noRef	s__Prevotella timonensis_A	new_SGB							
SGB309	Propionimicrobium_lymphophilum	Propionimicrobium_lymphophilum	2	s__Propionimicrobium lymphophilum	s__Propionimicrobium_lymphophilum-t__SGB15491						
SGB572	Propionimicrobium_sp__Marseille-P3275	noRef	s__Propionimicrobium sp900155645	s__Propionimicrobium_sp__Marseille-P3275-t__SGB33673							
SGB107	Proteus_mirabilis	Proteus_mirabilis	131	s__Proteus mirabilis	s__Proteus_mirabilis-t__SGB9992						
SGB454	Proteus_mirabilis	Proteus_mirabilis	1	s__Proteus mirabilis_B	s__Proteus_vulgaris-t__SGB9996						
SGB593	Proteus_vulgaris	Proteus_mirabilis	1	s__Proteus vulgaris_A	s__Proteus_vulgaris-t__SGB9993						
SGB206	Providencia_rettgeri	Providencia_rettgeri	6	s__Providencia rettgeri_A	s__Providencia_rettgeri-t__SGB10008						
SGB177	Providencia_rettgeri	Providencia_rettgeri	5	s__Providencia rettgeri_C	s__Providencia_rettgeri-t__SGB10005						
SGB394	Providencia_rettgeri	Providencia_rettgeri	1	GTDB-new	s__Providencia_rettgeri-t__SGB31085						
SGB343	Providencia_rettgeri	Providencia_rettgeri	6	s__Providencia rettgeri_D	s__Providencia_rettgeri-t__SGB10006						
SGB371	Pseudoglutamicibacter_albus	Pseudoglutamicibacter_albus	1	s__Pseudoglutamicibacter albus	s__Pseudoglutamicibacter_albus-t__SGB17178						
SGB497	Pseudoglutamicibacter_cumminsii	Pseudoglutamicibacter_albus	1	s__Pseudoglutamicibacter cumminsii	s__Pseudoglutamicibacter_albus-t__SGB17177						
SGB13-MERGED-SGB172	Pseudomonas_aeruginosa	Pseudomonas_aeruginosa	1933	s__Pseudomonas aeruginosa	s__Pseudomonas_aeruginosa-t__SGB12320						
SGB608	Pseudomonas_aeruginosa	Pseudomonas_aeruginosa	1	s__Pseudomonas_E aeruginosa	s__Pseudomonas_putida-t__SGB12288						
SGB197	Pseudomonas_aeruginosa	Pseudomonas_aeruginosa	21	s__Pseudomonas aeruginosa_A	s__Pseudomonas_aeruginosa-t__SGB12319						
SGB358	Roseburia_hominis	Roseburia_hominis	3	s__Roseburia hominis	s__Roseburia_hominis-t__SGB4936						
SGB180	Roseburia_intestinalis	Roseburia_intestinalis	9	s__Roseburia intestinalis	s__Roseburia_intestinalis-t__SGB4951						
SGB151	Roseburia_inulinivorans	Roseburia_inulinivorans	13	s__Roseburia inulinivorans	s__Roseburia_inulinivorans-t__SGB4940						
SGB337	Roseomonas_cervicalis	Roseomonas_cervicalis	1	s__Roseomonas cervicalis	s__Roseomonas_cervicalis-t__SGB11238						
SGB186	Rothia_aeria	Rothia_aeria	5	s__Rothia aeria	s__Rothia_aeria-t__SGB16987						
SGB212	Rothia_dentocariosa	Rothia_dentocariosa	12	s__Rothia dentocariosa	s__Rothia_dentocariosa-t__SGB16988						
SGB441	Rothia_mucilaginosa	Rothia_mucilaginosa	3	s__Rothia mucilaginosa_A	s__Rothia_mucilaginosa-t__SGB16986						
SGB236	Rothia_mucilaginosa	Rothia_mucilaginosa	17	s__Rothia sp001808955	s__Rothia_mucilaginosa-t__SGB16975						
SGB469	Rubneribacter_badeniensis	Gordonibacter	1	s__Rubneribacter badeniensis	s__Gordonibacter_sp_An232A-t__SGB14805						
SGB707	Ruminococcus_bromii	Ruminococcus_bromii	1	s__Ruminococcus_E bromii_A	s__Ruminococcus_bromii-t__SGB4283						
SGB556	Ruminococcus_bromii	Ruminococcus_bromii	1	GTDB-new	new_SGB						
SGB284	Ruminococcus_bromii	Ruminococcus_bromii	13	s__Ruminococcus_E bromii_B	s__Ruminococcus_bromii-t__SGB4285						
SGB483	Ruminococcus_bromii	Ruminococcus_bromii	1	s__UBA1417 sp003531055	s__Ruminococcaceae_bacterium-t__SGB14861						
SGB415	Ruminococcus_callidus	Ruminococcus_callidus	1	s__Ruminococcus_C callidus	s__Ruminococcus_callidus-t__SGB4422						
SGB702	Ruminococcus_obeum	Ruminococcus_obeum	1	s__Blautia_A obeum	s__Blautia_obeum-t__SGB4811						
SGB325	Serratia_fonticola	Serratia_fonticola	3	GTDB-new	new_SGB						
SGB318	Serratia_fonticola	Serratia_fonticola	14	s__Serratia_A fonticola	s__Serratia_fonticola-t__SGB10260						
SGB209	Serratia_liquefaciens	Serratia_liquefaciens	15	s__Serratia liquefaciens	s__Serratia_liquefaciens-t__SGB10256						
SGB253	Serratia_marcescens	Serratia_marcescens	1	s__Serratia marcescens_F	s__Serratia_marcescens-t__SGB10252						
SGB18	Serratia_marcescens	Serratia_ureilytica	4	Serratia_marcescens	505	s__Serratia marcescens_I	s__Serratia_marcescens-t__SGB10251				
SGB192	Serratia_marcescens	Serratia_marcescens	5	s__Serratia sp001642805	s__Serratia_marcescens-t__SGB10250						
SGB223	Serratia_odorifera	Serratia_odorifera	4	s__Serratia_B odorifera	s__Serratia_odorifera-t__SGB10248						
SGB203	Serratia_plymuthica	Serratia_plymuthica	18	s__Serratia plymuthica	s__Serratia_plymuthica-t__SGB10254						
SGB708	Serratia_proteamaculans	Serratia_quinivorans	1	s__Serratia proteamaculans_B	s__Serratia_proteamaculans-t__SGB10258						
SGB137	Serratia_proteamaculans	Serratia_quinivorans	4	s__Serratia proteamaculans_C	s__Serratia_quinivorans-t__SGB10257						
SGB729	Serratia_rubidaea	Serratia_rubidaea	1	s__Serratia_B rubidaea_A	s__Serratia_sp_MYb239-t__SGB23203						
SGB116	Serratia_rubidaea	Serratia_rubidaea	6	s__Serratia_B rubidaea	s__Serratia_rubidaea-t__SGB10249						
SGB289	Slackia_exigua	Slackia_exigua	2	s__Slackia exigua	s__Slackia_exigua-t__SGB14784						
SGB144	Sneathia_amnii	Sneathia_amnii	1	s__Sneathia amnii	s__Sneathia_amnii-t__SGB6044						
SGB162	Sneathia_sanguinegens	Sneathia_sanguinegens	1	s__Sneathia sanguinegens	s__Sneathia_sanguinegens-t__SGB6045						
SGB419	Solobacterium_moorei	Solobacterium_moorei	3	s__Solobacterium moorei	s__Solobacterium_moorei-t__SGB6826						
SGB24	Staphylococcus_aureus	Staphylococcus_aureus	3213	s__Staphylococcus aureus	s__Staphylococcus_aureus-t__SGB7852						
SGB26-MERGED-SGB655	Staphylococcus_epidermidis	Staphylococcus_epidermidis	402	Rothia_mucilaginosa	2	s__Staphylococcus epidermidis	s__Staphylococcus_epidermidis-t__SGB7865				
SGB695	Staphylococcus_fleurettii	Staphylococcus_pasteuri	1	s__Staphylococcus_A fleurettii	s__Staphylococcus_fleurettii-t__SGB7819						
SGB77	Staphylococcus_haemolyticus	Staphylococcus_haemolyticus	204	s__Staphylococcus haemolyticus	s__Staphylococcus_haemolyticus-t__SGB7861						
SGB512	Staphylococcus_haemolyticus	Staphylococcus_haemolyticus	3	s__Staphylococcus haemolyticus_A	s__Staphylococcus_haemolyticus-t__SGB7860						
SGB76	Staphylococcus_hominis	Staphylococcus_hominis	65	s__Staphylococcus hominis	s__Staphylococcus_hominis-t__SGB7858						
SGB4	Staphylococcus_lugdunensis	Staphylococcus_lugdunensis	23	s__Staphylococcus lugdunensis	s__Staphylococcus_lugdunensis-t__SGB7850						
SGB369	Staphylococcus_pasteuri	Staphylococcus_pasteuri	11	s__Staphylococcus pasteuri	s__Staphylococcus_pasteuri-t__SGB7855						
SGB631	Staphylococcus_pasteuri	Staphylococcus_pasteuri	1	s__Gemella sp002871655	s__Staphylococcus_pasteuri-t__SGB7293						
SGB658	Staphylococcus_simulans	Staphylococcus_simulans	1	s__Staphylococcus simulans_B	s__Staphylococcus_simulans-t__SGB7833						
SGB183	Staphylococcus_simulans	Staphylococcus_simulans	2	s__Staphylococcus simulans_A	s__Staphylococcus_simulans-t__SGB25083						
SGB182	Staphylococcus_simulans	Staphylococcus_simulans	60	s__Staphylococcus simulans	s__Staphylococcus_simulans-t__SGB7832						
SGB609	Staphylococcus_warneri	Staphylococcus_epidermidis	1	s__Staphylococcus warneri_A	s__Staphylococcus_warneri-t__SGB7856						
SGB464	Staphylococcus_warneri	Staphylococcus_pasteuri	3	s__Staphylococcus warneri	s__Staphylococcus_warneri-t__SGB7857						
SGB718	Stomatobaculum_naviforme	noRef	s__Stomatobaculum naviforme	s__Fusobacterium_naviforme-t__SGB5268							
SGB563	Stomatobaculum_sp	noRef	s__Stomatobaculum sp002892395	s__Lachnospiraceae_bacterium-t__SGB5267							
SGB267	Streptococcus_sp	noRef	s__Streptococcus sp001587175	new_SGB							
SGB427	Streptococcus_acidominimus	Streptococcus_acidominimus	3	s__Streptococcus acidominimus	s__Streptococcus_acidominimus-t__SGB8211						
SGB15	Streptococcus_agalactiae	Streptococcus_agalactiae	974	s__Streptococcus agalactiae	s__Streptococcus_agalactiae-t__SGB8216						
SGB154-MERGED-SGB94	Streptococcus_anginosus	Streptococcus_anginosus	44	s__Streptococcus anginosus	s__Streptococcus_anginosus-t__SGB8028						
SGB46	Streptococcus_gallolyticus	Streptococcus_gallolyticus	25	Streptococcus_pasteurianus	9	s__Streptococcus gallolyticus	s__Streptococcus_gallolyticus-t__SGB8018				
SGB199	Streptococcus_hyovaginalis	Streptococcus_acidominimus	1	Streptococcus_agalactiae	1	s__Streptococcus hyovaginalis	s__Streptococcus_agalactiae-t__SGB8207				
SGB179	Streptococcus_infantarius	Streptococcus_gallolyticus	1	Streptococcus_infantarius	4	s__Streptococcus infantarius	s__Streptococcus_equinus-t__SGB8022				
SGB433	Streptococcus_infantis	Streptococcus_infantis	1	s__Streptococcus infantis_G	s__Streptococcus_infantis-t__SGB8100						
SGB217	Streptococcus_infantis	Streptococcus_infantis	1	s__Streptococcus infantis_C	s__Streptococcus_infantis-t__SGB8094						
SGB665	Streptococcus_infantis	Streptococcus_infantis	1	s__Streptococcus infantis_E	s__Streptococcus_sp_oral_taxon_431-t__SGB8086						
SGB368	Streptococcus_infantis	Streptococcus_infantis	5	Streptococcus_pseudopneumoniae	1	s__Streptococcus infantis_H	s__Streptococcus_infantis-t__SGB8095				
SGB601	Streptococcus_infantis	Streptococcus_infantis	1	s__Streptococcus infantis_B	s__Streptococcus_infantis-t__SGB8093						
SGB208	Streptococcus_infantis	Streptococcus_infantis	1	Streptococcus_oralis	1	Streptococcus_pseudopneumoniae	2	s__Streptococcus infantis_F	s__Streptococcus_pseudopneumoniae-t__SGB8085		
SGB411	Streptococcus_mitis	Streptococcus_mitis	1	s__Streptococcus mitis_K	s__Streptococcus_mitis-t__SGB8184						
SGB165	Streptococcus_mitis	Streptococcus_mitis	10	Streptococcus_pseudopneumoniae	8	s__Streptococcus mitis_S	s__Streptococcus_mitis-t__SGB8159				
SGB491	Streptococcus_mitis	Streptococcus_mitis	2	s__Streptococcus mitis_O	s__Streptococcus_mitis-t__SGB8150						
SGB490	Streptococcus_mitis	Streptococcus_mitis	1	Streptococcus_pseudopneumoniae	1	s__Streptococcus mitis_C	s__Streptococcus_mitis-t__SGB8183				
SGB492	Streptococcus_mitis	Streptococcus_mitis	1	s__Streptococcus mitis_P	s__Streptococcus_mitis-t__SGB8152						
SGB188	Streptococcus_mitis	Streptococcus_mitis	1	s__Streptococcus mitis_AZ	s__Streptococcus_mitis-t__SGB8116						
SGB620	Streptococcus_mitis	Streptococcus_mitis	1	GTDB-new	s__Streptococcus_mitis-t__SGB29764						
SGB324	Streptococcus_mitis	Streptococcus_mitis	4	Streptococcus_pseudopneumoniae	1	s__Streptococcus mitis_N	s__Streptococcus_mitis-t__SGB8193				
SGB321	Streptococcus_mitis	Streptococcus_mitis	1	s__Streptococcus mitis_E	s__Streptococcus_mitis-t__SGB29768						
SGB140	Streptococcus_mitis	Streptococcus_mitis	2	s__Streptococcus mitis_AG	s__Streptococcus_mitis-t__SGB8161						
SGB666	Streptococcus_mitis	Streptococcus_mitis	1	s__Streptococcus mitis_D	s__Streptococcus_mitis-t__SGB8156						
SGB367	Streptococcus_mitis	Streptococcus_mitis	1	Streptococcus_oralis	1	s__Streptococcus mitis_AI	s__Streptococcus_mitis-t__SGB8162				
SGB567	Streptococcus_mitis	Streptococcus_mitis	1	s__Streptococcus mitis_A	s__Streptococcus_mitis-t__SGB8189						
SGB566	Streptococcus_mitis	Streptococcus_mitis	1	s__Streptococcus mitis_AD	s__Streptococcus_mitis-t__SGB8158						
SGB35	Streptococcus_mitis	Streptococcus_mitis	1	GTDB-new	s__Streptococcus_mitis-t__SGB29759						
SGB38	Streptococcus_mitis	Streptococcus_mitis	2	Streptococcus_oralis	1	s__Streptococcus mitis_AX	s__Streptococcus_mitis-t__SGB8105				
SGB39	Streptococcus_mitis	Streptococcus_mitis	33	Streptococcus_pseudopneumoniae	2	s__Streptococcus mitis_AC	s__Streptococcus_mitis-t__SGB8165				
SGB178	Streptococcus_mitis	Streptococcus_mitis	3	s__Streptococcus mitis_AR	s__Streptococcus_mitis-t__SGB8164						
SGB141-MERGED-SGB542	Streptococcus_mitis	Streptococcus_mitis	8	Streptococcus_oralis	2	s__Streptococcus mitis_AV	s__Streptococcus_mitis-t__SGB8186				
SGB135	Streptococcus_mitis	Streptococcus_mitis	1	GTDB-new	s__Streptococcus_mitis-t__SGB8128						
SGB605	Streptococcus_mitis	Streptococcus_mitis	1	s__Streptococcus mitis_AY	s__Streptococcus_mitis-t__SGB8106						
SGB515	Streptococcus_mitis	Streptococcus_mitis	1	s__Streptococcus mitis_J	s__Streptococcus_pseudopneumoniae-t__SGB8140						
SGB260	Streptococcus_mitis	Streptococcus_mitis	1	Streptococcus_oralis	1	GTDB-new	s__Streptococcus_mitis-t__SGB29776				
SGB34	Streptococcus_mitis	Streptococcus_mitis	2	GTDB-new	s__Streptococcus_sp__OH4692_COT-348-t__SGB8154						
SGB33	Streptococcus_mitis	Streptococcus_mitis	3	Streptococcus_pseudopneumoniae	1	GTDB-new	s__Streptococcus_mitis-t__SGB8196				
SGB166	Streptococcus_oralis	Streptococcus_oralis	1	s__Streptococcus oralis_E	s__Streptococcus_oralis-t__SGB8122						
SGB425	Streptococcus_oralis	Streptococcus_oralis	1	s__Streptococcus oralis_Q	s__Streptococcus_oralis-t__SGB8121						
SGB428	Streptococcus_oralis	Streptococcus_oralis	1	GTDB-new	s__Streptococcus_oralis-t__SGB29781						
SGB57	Streptococcus_oralis	Streptococcus_oralis	8	s__Streptococcus oralis_AE	s__Streptococcus_oralis-t__SGB8126						
SGB506	Streptococcus_oralis	Streptococcus_oralis	3	s__Streptococcus oralis_R	s__Streptococcus_oralis-t__SGB8120						
SGB612	Streptococcus_oralis	Streptococcus_oralis	7	s__Streptococcus oralis_C	s__Streptococcus_oralis-t__SGB8125						
SGB596	Streptococcus_oralis	Streptococcus_oralis	1	GTDB-new	new_SGB						
SGB575	Streptococcus_oralis	Streptococcus_oralis	1	GTDB-new	s__Streptococcus_oralis-t__SGB29783						
SGB105	Streptococcus_oralis	Streptococcus_oralis	1	s__Streptococcus oralis_M	s__Streptococcus_oralis-t__SGB8136						
SGB36	Streptococcus_oralis	Streptococcus_mitis	1	Streptococcus_oralis	2	s__Streptococcus oralis_AC	s__Streptococcus_oralis-t__SGB8108				
SGB37	Streptococcus_oralis	Streptococcus_mitis	2	Streptococcus_oralis	2	GTDB-new	s__Streptococcus_oralis-t__SGB8110				
SGB709	Streptococcus_oralis	Streptococcus_oralis	1	s__Streptococcus oralis_O	s__Streptococcus_oralis-t__SGB8117						
SGB96	Streptococcus_oralis	Streptococcus_oralis	7	s__Streptococcus oralis_F	s__Streptococcus_oralis-t__SGB8123						
SGB451	Streptococcus_oralis	Streptococcus_oralis	1	s__Streptococcus oralis_B	s__Streptococcus_oralis-t__SGB8137						
SGB452	Streptococcus_oralis	Streptococcus_oralis	1	GTDB-new	s__Streptococcus_oralis-t__SGB8107						
SGB42	Streptococcus_oralis	Streptococcus_oralis	59	Streptococcus_pseudopneumoniae	1	s__Streptococcus oralis	s__Streptococcus_oralis-t__SGB8133				
SGB687	Streptococcus_oralis	Streptococcus_oralis	1	s__Streptococcus oralis_AD	s__Streptococcus_oralis-t__SGB25293						
SGB148	Streptococcus_oralis	Streptococcus_mitis	1	Streptococcus_oralis	3	GTDB-new	s__Streptococcus_oralis-t__SGB8102				
SGB229	Streptococcus_oralis	Streptococcus_mitis	1	Streptococcus_oralis	5	s__Streptococcus dentisani	s__Streptococcus_oralis-t__SGB8110				
SGB704	Streptococcus_oralis	Streptococcus_oralis	1	GTDB-new	s__Streptococcus_mitis-t__SGB8106						
SGB257	Streptococcus_parasanguinis	Streptococcus_parasanguinis	41	s__Streptococcus parasanguinis_B	s__Streptococcus_parasanguinis-t__SGB8076						
SGB477	Streptococcus_pseudopneumoniae	Streptococcus_pseudopneumoniae	1	s__Streptococcus pseudopneumoniae_E	s__Streptococcus_pseudopneumoniae-t__SGB29757						
SGB67	Streptococcus_pseudopneumoniae	Streptococcus_pseudopneumoniae	1	s__Streptococcus pseudopneumoniae_J	s__Streptococcus_pseudopneumoniae-t__SGB29791						
SGB214	Streptococcus_pseudopneumoniae	Streptococcus_pseudopneumoniae	1	s__Streptococcus pseudopneumoniae_H	s__Streptococcus_pseudopneumoniae-t__SGB8140						
SGB269	Streptococcus_pseudopneumoniae	Streptococcus_pseudopneumoniae	1	s__Streptococcus pseudopneumoniae_N	s__Streptococcus_pseudopneumoniae-t__SGB8089						
SGB72	Streptococcus_pseudopneumoniae	Streptococcus_pseudopneumoniae	42	s__Streptococcus pseudopneumoniae	s__Streptococcus_pneumoniae-t__SGB8138						
SGB344	Streptococcus_pseudopneumoniae	Streptococcus_pseudopneumoniae	1	s__Streptococcus pseudopneumoniae_D	s__Streptococcus_pseudopneumoniae-t__SGB29772						
SGB565	Streptococcus_pseudopneumoniae	Streptococcus_infantis	1	Streptococcus_pseudopneumoniae	1	s__Streptococcus pseudopneumoniae_M	s__Streptococcus_infantis-t__SGB8087				
SGB16	Streptococcus_pyogenes	Streptococcus_pyogenes	1825	s__Streptococcus pyogenes	s__Streptococcus_pyogenes-t__SGB8218						
SGB449	Streptococcus_salivarius	Streptococcus_salivarius	2	s__Streptococcus sp000187445	s__Streptococcus_salivarius-t__SGB8005						
SGB106	Streptococcus_salivarius	Streptococcus_salivarius	50	s__Streptococcus salivarius	s__Streptococcus_salivarius-t__SGB8010						
SGB47	Streptococcus_sanguinis	Streptococcus_sanguinis	61	Streptococcus_salivarius	1	s__Streptococcus sanguinis	s__Streptococcus_sanguinis-t__SGB8047				
SGB52	Streptococcus_thermophilus	Streptococcus_thermophilus	50	s__Streptococcus thermophilus	s__Streptococcus_thermophilus-t__SGB8002						
SGB535	Tessaracoccus_aquimaris	Tessaracoccus_sp	1	s__Tessaracoccus aquimaris	s__Tessaracoccus_aquimaris-t__SGB15910						
SGB691	Tessaracoccus_bendigoensis	Tessaracoccus_sp	1	s__Tessaracoccus bendigoensis	s__Tessaracoccus_bendigoensis-t__SGB15912						
SGB711	Tessaracoccus_flavescens	Tessaracoccus_sp	1	s__Tessaracoccus flavescens	s__Tessaracoccus_flavescens-t__SGB15911						
SGB673	Tessaracoccus_flavus	Tessaracoccus_sp	2	s__Tessaracoccus flavus	s__Tessaracoccus_flavus-t__SGB15913						
SGB387	Tessaracoccus_lapidicaptus	Tessaracoccus_sp	2	s__Tessaracoccus lapidicaptus	s__Tessaracoccus_lapidicaptus-t__SGB15914						
SGB478	Tessaracoccus_massiliensis	Tessaracoccus_sp	1	s__Tessaracoccus massiliensis	s__Tessaracoccus_massiliensis-t__SGB35143						
SGB724	Tessaracoccus_oleiagri	Tessaracoccus_sp	1	s__Tessaracoccus_A oleiagri	s__Tessaracoccus_oleiagri-t__SGB15916						
SGB498	Tessaracoccus_sp__JDX10	Tessaracoccus_sp	1	GTDB-new	s__Tessaracoccus_sp__JDX10-t__SGB35145						
SGB628	Tessaracoccus_sp__OH4464_COT-324	Tessaracoccus_sp	1	GTDB-new	s__Tessaracoccus_sp__OH4464_COT-324-t__SGB35144						
SGB184	Tessaracoccus_sp_ZS01	Tessaracoccus_sp	1	s__Tessaracoccus sp001956895	s__Tessaracoccus_sp_ZS01-t__SGB15915						
SGB400	Tessaracoccus_timonensis	Tessaracoccus_sp	1	Tessaracoccus_timonensis	1	s__Tessaracoccus_A sp900343145	s__Tessaracoccus_timonensis-t__SGB35141				
SGB663	Tessaracoccus_timonensis	noRef	GTDB-new	s__Tessaracoccus_timonensis-t__SGB35141							
SGB86	Tissierellia_bacterium_KA00581	Tissierellia_bacterium	1	s__Parvimonas sp001552895	s__Tissierellia_bacterium_KA00581-t__SGB6647						
SGB238-MERGED-SGB660	TM7_H1_E1	TM7_H1_E1	1	GTDB-new	new_SGB						
SGB138	Treponema_pallidum	Treponema_pallidum	55	s__Treponema pallidum	s__Treponema_pallidum-t__SGB3594						
SGB59	UPEC	UPEC	14	s__Escherichia coli	s__Escherichia_coli-t__SGB10068						
SGB304	Ureaplasma_parvum	Ureaplasma_parvum	11	s__Ureaplasma parvum	s__Ureaplasma_parvum-t__SGB5568						
SGB113	Ureaplasma_urealyticum	Ureaplasma_urealyticum	15	s__Ureaplasma urealyticum	s__Ureaplasma_urealyticum-t__SGB5567						
SGB460	Urinacoccus_massiliensis	Anaerococcus_prevotii	1	Tissierellia_bacterium	1	s__Urinacoccus_massiliensis-t__SGB29501					
SGB610	Varibaculum_cambriense	Varibaculum_cambriense	3	s__Varibaculum cambriense	s__Varibaculum_cambriense-t__SGB15482						
SGB190	Varibaculum_cambriense	Varibaculum_cambriense	1	s__Varibaculum cambriense_B	s__Varibaculum_cambriense-t__SGB15481						
SGB669	Varibaculum_sp__Marseille-P2802	noRef	s__Varibaculum sp900106855	s__Varibaculum_sp__Marseille-P2802-t__SGB15484							
SGB221	Veillonella_atypica	Veillonella_atypica	8	s__Veillonella atypica	s__Veillonella_atypica-t__SGB6936						
SGB446	Veillonella_dispar	Veillonella_dispar	2	s__Veillonella dispar_A	s__Veillonella_dispar-t__SGB6952						
SGB557	Veillonella_dispar	Veillonella_dispar	2	s__Veillonella dispar	s__Veillonella_dispar-t__SGB6945						
SGB185	Veillonella_montpellierensis	Veillonella_montpellierensis	2	s__Veillonella montpellierensis	s__Veillonella_montpellierensis-t__SGB6960						
SGB268	Veillonella_parvula	Veillonella_parvula	11	s__Veillonella parvula_A	s__Veillonella_parvula-t__SGB6939						
SGB463	Veillonella_seminalis	Veillonella_seminalis	2	s__Veillonella_A seminalis	s__Veillonella_seminalis-t__SGB6923						
SGB328	Winkia_neuii	Actinomyces_neuii	4	s__Winkia neuii	s__Actinomyces_neuii-t__SGB17191						
SGB573	Winkia_sp	Actinomyces_neuii	1	s__Winkia sp002849225	s__Actinomyces_neuii-t__SGB17192						
